{"ground": {"small": {"totalhits": 481934128.0, "rms_I": 20.114423132522838, "mean_Q": -0.0012732703001423836, "rms_Q": 1.1504996632788111, "mean_U": 0.00257668261883885, "rms_U": 1.1367451713974621}, "tiny": {"totalhits": 4692640.0, "rms_I": 4.288589272510856, "mean_Q": -7.728277717785106e-05, "rms_Q": 0.2883310243187944, "mean_U": 9.135463634391062e-06, "rms_U": 0.28506926605174054}, "xsmall": {"totalhits": 48803456.0, "rms_I": 13.265968385049986, "mean_Q": -0.0024075710756298534, "rms_Q": 0.7727071022057794, "mean_U": -0.0027055710023958343, "rms_U": 0.7622076333985194}, "medium": {"totalhits": 4819341280.0, "rms_I": 49.83330925578369, "mean_Q": -0.002544171998532106, "rms_Q": 2.8418471814116084, "mean_U": 0.0018783184464012748, "rms_U": 2.820150975134025}}, "satellite": {"tiny": {"totalhits": 4320000.0, "rms_I": 7.30453890701374, "mean_Q": 4.007066473809116e-05, "rms_Q": 0.41628725369794317, "mean_U": -9.133583151306732e-05, "rms_U": 0.4152905933393678}, "xsmall": {"totalhits": 49680000.0, "rms_I": 17.653306987512835, "mean_Q": 0.0002946643276186062, "rms_Q": 0.993140637242038, "mean_U": 0.00014154347778162413, "rms_U": 0.9928140202652976}, "small": {"totalhits": 499680000.0, "rms_I": 47.45427449193438, "mean_Q": 0.0032534922883201045, "rms_Q": 2.6658537226571095, "mean_U": 0.0003936092871257479, "rms_U": 2.663822601290244}, "medium": {"totalhits": 4436640000.0, "rms_I": 49.74515280149839, "mean_Q": 0.00221816157965735, "rms_Q": 2.7937309402974915, "mean_U": 0.0001683913376265571, "rms_U": 2.7911808036698726}}}