{"ground": {"small": {"totalhits": 481934128.0, "rms_I": 20.114423132522838, "mean_Q": -0.0012732703001423836, "rms_Q": 1.1504996632788111, "mean_U": 0.00257668261883885, "rms_U": 1.1367451713974621}, "tiny": {"totalhits": 4692640.0, "rms_I": 4.288589272510856, "mean_Q": -7.728277717785106e-05, "rms_Q": 0.2883310243187944, "mean_U": 9.135463634391062e-06, "rms_U": 0.28506926605174054}, "xsmall": {"totalhits": 48803456.0, "rms_I": 13.265968385049986, "mean_Q": -0.0024075710756298534, "rms_Q": 0.7727071022057794, "mean_U": -0.0027055710023958343, "rms_U": 0.7622076333985194}, "medium": {"totalhits": 4819341280.0, "rms_I": 49.83330925578369, "mean_Q": -0.002544171998532106, "rms_Q": 2.8418471814116084, "mean_U": 0.0018783184464012748, "rms_U": 2.820150975134025}}, "satellite": {"tiny": {"totalhits": 4320000.0, "rms_I": 7.407852082899325, "mean_Q": 3.5718234732236774e-05, "rms_Q": 0.41916328165172373, "mean_U": -3.092408327672563e-05, "rms_U": 0.4161516955249392}, "xsmall": {"totalhits": 49680000.0, "rms_I": 17.653306987512835, "mean_Q": 0.0002946643276186062, "rms_Q": 0.993140637242038, "mean_U": 0.00014154347778162413, "rms_U": 0.9928140202652976}, "small": {"totalhits": 499680000.0, "rms_I": 47.4984933844302, "mean_Q": -0.000965112450960997, "rms_Q": 2.6686048026673785, "mean_U": -0.0001039439721447981, "rms_U": 2.6561603100704883}, "medium": {"totalhits": 4436640000.0, "rms_I": 49.718827896005976, "mean_Q": -0.0005484864685750997, "rms_Q": 2.793229606840888, "mean_U": 3.179411729326181e-05, "rms_U": 2.781464229575711}}}